Ad Group,Keyword,Campaign,Criterion Type
sofas,sofas ecommerce,SEM_Sofas,Exact
sofas,ecommerce sofas,SEM_Sofas,Exact
sofas,sofas price,SEM_Sofas,Exact
sofas,price sofas,SEM_Sofas,Exact
sofas,sofas buy,SEM_Sofas,Exact
sofas,buy sofas,SEM_Sofas,Exact
sofas,sofas promo,SEM_Sofas,Exact
sofas,promo sofas,SEM_Sofas,Exact
sofas,sofas sale,SEM_Sofas,Exact
sofas,sale sofas,SEM_Sofas,Exact
sofas,sofas discounts,SEM_Sofas,Exact
sofas,discounts sofas,SEM_Sofas,Exact
sofas,sofas budget,SEM_Sofas,Exact
sofas,budget sofas,SEM_Sofas,Exact
sofas,sofas bargain,SEM_Sofas,Exact
sofas,bargain sofas,SEM_Sofas,Exact
convertible sofas,convertible sofas ecommerce,SEM_Sofas,Exact
convertible sofas,ecommerce convertible sofas,SEM_Sofas,Exact
convertible sofas,convertible sofas price,SEM_Sofas,Exact
convertible sofas,price convertible sofas,SEM_Sofas,Exact
convertible sofas,convertible sofas buy,SEM_Sofas,Exact
convertible sofas,buy convertible sofas,SEM_Sofas,Exact
convertible sofas,convertible sofas promo,SEM_Sofas,Exact
convertible sofas,promo convertible sofas,SEM_Sofas,Exact
convertible sofas,convertible sofas sale,SEM_Sofas,Exact
convertible sofas,sale convertible sofas,SEM_Sofas,Exact
convertible sofas,convertible sofas discounts,SEM_Sofas,Exact
convertible sofas,discounts convertible sofas,SEM_Sofas,Exact
convertible sofas,convertible sofas budget,SEM_Sofas,Exact
convertible sofas,budget convertible sofas,SEM_Sofas,Exact
convertible sofas,convertible sofas bargain,SEM_Sofas,Exact
convertible sofas,bargain convertible sofas,SEM_Sofas,Exact
love seats,love seats ecommerce,SEM_Sofas,Exact
love seats,ecommerce love seats,SEM_Sofas,Exact
love seats,love seats price,SEM_Sofas,Exact
love seats,price love seats,SEM_Sofas,Exact
love seats,love seats buy,SEM_Sofas,Exact
love seats,buy love seats,SEM_Sofas,Exact
love seats,love seats promo,SEM_Sofas,Exact
love seats,promo love seats,SEM_Sofas,Exact
love seats,love seats sale,SEM_Sofas,Exact
love seats,sale love seats,SEM_Sofas,Exact
love seats,love seats discounts,SEM_Sofas,Exact
love seats,discounts love seats,SEM_Sofas,Exact
love seats,love seats budget,SEM_Sofas,Exact
love seats,budget love seats,SEM_Sofas,Exact
love seats,love seats bargain,SEM_Sofas,Exact
love seats,bargain love seats,SEM_Sofas,Exact
recliners,recliners ecommerce,SEM_Sofas,Exact
recliners,ecommerce recliners,SEM_Sofas,Exact
recliners,recliners price,SEM_Sofas,Exact
recliners,price recliners,SEM_Sofas,Exact
recliners,recliners buy,SEM_Sofas,Exact
recliners,buy recliners,SEM_Sofas,Exact
recliners,recliners promo,SEM_Sofas,Exact
recliners,promo recliners,SEM_Sofas,Exact
recliners,recliners sale,SEM_Sofas,Exact
recliners,sale recliners,SEM_Sofas,Exact
recliners,recliners discounts,SEM_Sofas,Exact
recliners,discounts recliners,SEM_Sofas,Exact
recliners,recliners budget,SEM_Sofas,Exact
recliners,budget recliners,SEM_Sofas,Exact
recliners,recliners bargain,SEM_Sofas,Exact
recliners,bargain recliners,SEM_Sofas,Exact
sofa beds,sofa beds ecommerce,SEM_Sofas,Exact
sofa beds,ecommerce sofa beds,SEM_Sofas,Exact
sofa beds,sofa beds price,SEM_Sofas,Exact
sofa beds,price sofa beds,SEM_Sofas,Exact
sofa beds,sofa beds buy,SEM_Sofas,Exact
sofa beds,buy sofa beds,SEM_Sofas,Exact
sofa beds,sofa beds promo,SEM_Sofas,Exact
sofa beds,promo sofa beds,SEM_Sofas,Exact
sofa beds,sofa beds sale,SEM_Sofas,Exact
sofa beds,sale sofa beds,SEM_Sofas,Exact
sofa beds,sofa beds discounts,SEM_Sofas,Exact
sofa beds,discounts sofa beds,SEM_Sofas,Exact
sofa beds,sofa beds budget,SEM_Sofas,Exact
sofa beds,budget sofa beds,SEM_Sofas,Exact
sofa beds,sofa beds bargain,SEM_Sofas,Exact
sofa beds,bargain sofa beds,SEM_Sofas,Exact
sofas,sofas ecommerce,SEM_Sofas,Phrase
sofas,ecommerce sofas,SEM_Sofas,Phrase
sofas,sofas price,SEM_Sofas,Phrase
sofas,price sofas,SEM_Sofas,Phrase
sofas,sofas buy,SEM_Sofas,Phrase
sofas,buy sofas,SEM_Sofas,Phrase
sofas,sofas promo,SEM_Sofas,Phrase
sofas,promo sofas,SEM_Sofas,Phrase
sofas,sofas sale,SEM_Sofas,Phrase
sofas,sale sofas,SEM_Sofas,Phrase
sofas,sofas discounts,SEM_Sofas,Phrase
sofas,discounts sofas,SEM_Sofas,Phrase
sofas,sofas budget,SEM_Sofas,Phrase
sofas,budget sofas,SEM_Sofas,Phrase
sofas,sofas bargain,SEM_Sofas,Phrase
sofas,bargain sofas,SEM_Sofas,Phrase
convertible sofas,convertible sofas ecommerce,SEM_Sofas,Phrase
convertible sofas,ecommerce convertible sofas,SEM_Sofas,Phrase
convertible sofas,convertible sofas price,SEM_Sofas,Phrase
convertible sofas,price convertible sofas,SEM_Sofas,Phrase
convertible sofas,convertible sofas buy,SEM_Sofas,Phrase
convertible sofas,buy convertible sofas,SEM_Sofas,Phrase
convertible sofas,convertible sofas promo,SEM_Sofas,Phrase
convertible sofas,promo convertible sofas,SEM_Sofas,Phrase
convertible sofas,convertible sofas sale,SEM_Sofas,Phrase
convertible sofas,sale convertible sofas,SEM_Sofas,Phrase
convertible sofas,convertible sofas discounts,SEM_Sofas,Phrase
convertible sofas,discounts convertible sofas,SEM_Sofas,Phrase
convertible sofas,convertible sofas budget,SEM_Sofas,Phrase
convertible sofas,budget convertible sofas,SEM_Sofas,Phrase
convertible sofas,convertible sofas bargain,SEM_Sofas,Phrase
convertible sofas,bargain convertible sofas,SEM_Sofas,Phrase
love seats,love seats ecommerce,SEM_Sofas,Phrase
love seats,ecommerce love seats,SEM_Sofas,Phrase
love seats,love seats price,SEM_Sofas,Phrase
love seats,price love seats,SEM_Sofas,Phrase
love seats,love seats buy,SEM_Sofas,Phrase
love seats,buy love seats,SEM_Sofas,Phrase
love seats,love seats promo,SEM_Sofas,Phrase
love seats,promo love seats,SEM_Sofas,Phrase
love seats,love seats sale,SEM_Sofas,Phrase
love seats,sale love seats,SEM_Sofas,Phrase
love seats,love seats discounts,SEM_Sofas,Phrase
love seats,discounts love seats,SEM_Sofas,Phrase
love seats,love seats budget,SEM_Sofas,Phrase
love seats,budget love seats,SEM_Sofas,Phrase
love seats,love seats bargain,SEM_Sofas,Phrase
love seats,bargain love seats,SEM_Sofas,Phrase
recliners,recliners ecommerce,SEM_Sofas,Phrase
recliners,ecommerce recliners,SEM_Sofas,Phrase
recliners,recliners price,SEM_Sofas,Phrase
recliners,price recliners,SEM_Sofas,Phrase
recliners,recliners buy,SEM_Sofas,Phrase
recliners,buy recliners,SEM_Sofas,Phrase
recliners,recliners promo,SEM_Sofas,Phrase
recliners,promo recliners,SEM_Sofas,Phrase
recliners,recliners sale,SEM_Sofas,Phrase
recliners,sale recliners,SEM_Sofas,Phrase
recliners,recliners discounts,SEM_Sofas,Phrase
recliners,discounts recliners,SEM_Sofas,Phrase
recliners,recliners budget,SEM_Sofas,Phrase
recliners,budget recliners,SEM_Sofas,Phrase
recliners,recliners bargain,SEM_Sofas,Phrase
recliners,bargain recliners,SEM_Sofas,Phrase
sofa beds,sofa beds ecommerce,SEM_Sofas,Phrase
sofa beds,ecommerce sofa beds,SEM_Sofas,Phrase
sofa beds,sofa beds price,SEM_Sofas,Phrase
sofa beds,price sofa beds,SEM_Sofas,Phrase
sofa beds,sofa beds buy,SEM_Sofas,Phrase
sofa beds,buy sofa beds,SEM_Sofas,Phrase
sofa beds,sofa beds promo,SEM_Sofas,Phrase
sofa beds,promo sofa beds,SEM_Sofas,Phrase
sofa beds,sofa beds sale,SEM_Sofas,Phrase
sofa beds,sale sofa beds,SEM_Sofas,Phrase
sofa beds,sofa beds discounts,SEM_Sofas,Phrase
sofa beds,discounts sofa beds,SEM_Sofas,Phrase
sofa beds,sofa beds budget,SEM_Sofas,Phrase
sofa beds,budget sofa beds,SEM_Sofas,Phrase
sofa beds,sofa beds bargain,SEM_Sofas,Phrase
sofa beds,bargain sofa beds,SEM_Sofas,Phrase
